id,type
NevsChannel,Channel
realKarliBonne,Channel
Blazenherb,Channel
Qrashthematrix,Channel
stormypatriotjoe21,Channel
DoctorQsBoomBox,Channel
BannonWarRoom,Channel
pjwnews,Channel
awakened_144000,Channel
Jack_Posobiec,Channel
ElectionFraud20_org,Channel
TruthHammer,Channel
Vigilant_News,Channel
CharlieKirk,Channel
realKariLake,Channel
csources,Channel
dotconnectinganons,Channel
MichaelJLindell,Channel
WWG1WGAWORLDWIDE,Channel
trumprepublicans,Channel
Cat_The_Great,Channel
TeslaStockWatch,Channel
loomeredofficial,Channel
FuryRoad_Intel,Channel
RedPillDealer4833,Channel
epochtimes,Channel
Davidscave,Channel
WeTheMedia,Channel
techcrimes,Channel
yuriwarnedus,Channel
SSG_Cue,Channel
blacklistedresearch,Channel
pravdaGerashchenko_en,Channel
womanhate,Channel
ConsciousM8rix,Channel
BrittRepublican,Channel
nickmon1112,Channel
candlesinthenight,Channel
angrysaffron,Channel
australianchristianfascists,Channel
NTDNews,Channel
robinmg,Channel
SpecialQForces,Channel
theprofessorsrecord,Channel
thepeoplesaudit,Channel
ENDHUMANTRAFFICKING,Channel
Fighting4_AZ,Channel
ArizonaAuditLiveFeeds,Channel
nationalpulse,Channel
DismantlingTheCabal,Channel
EastApp,Channel
UnityNewsNetwork,Channel
ArrestsIndictmentsJustice,Channel
RSN04,Channel
QNewsOfficialTV,Channel
followsthewhiterabbit,Channel
infowarslive,Channel
redpillpharmacist,Channel
Owen_Shroyer,Channel
westcoast_intel,Channel
midwest_intel,Channel
AmericasAuditForce,Channel
joeoltmann,Channel
ThePrisonersRecord,Channel
ElectionEducation,Channel
ALoneRaccoon,Channel
TheWashingtonPundit,Channel
HOTWisconsin,Channel
veryreasonable,Channel
utahfreedomcoalition,Channel
PatriotArmy,Channel
usvoterfraud,Channel
EurasianChoice,Channel
WokeSocieties,Channel
lifesitetelegram,Channel
NewEasternOutlook,Channel
ArizonaRedRoots,Channel
GAelectionaudit,Channel
PepeMatter,Channel
HuxDeluxe,Channel
RealTyphus,Channel
PearFEED,Channel
MadisonCawthorn,Channel
newscritical,Channel
TraditionalBritainGroup,Channel
PatriotVoiceOfficial,Channel
covid19vaccinevictims,Channel
Not_On_The_Beeb,Channel
TheParanormiesPresent,Channel
thingsyoumightbeinterestedin,Channel
wethepatriotsusa,Channel
QuebecReveille,Channel
twicetoldtales,Channel
freestatecolorado,Channel
mgshowchannel,Channel
EARTH20GENESIS,Channel
jeffrey_peterson,Channel
worstimeline,Channel
bestimeline,Channel
didyouknow_ink,Channel
VoiceOfWales,Channel
trut2022,Channel
channelredline,Channel
TEXASvsUSA,Channel
qclarence,Channel
eastcoast_intel,Channel
agentsoftruth,Channel
imglover13THGENPATRIOT,Channel
TheBlazeTV,Channel
NewMexicoAuditForce,Channel
GBBNews23,Channel
SGTnewsNetwork,Channel
findyourfriendspei,Channel
AuditWINews,Channel
TheHighWire,Channel
informationliberation,Channel
VerifyQus,Channel
anti_semitic,Channel
lauratowler,Channel
markacollett,Channel
AltSkull48,Channel
Targeted_Individuals,Channel
vaccinechoiceaustralia,Channel
Brandenburg4MI,Channel
exposingthelies,Channel
theambermayshow,Channel
tkrofficial,Channel
madTparty,Channel
whitelaborstrikeww,Channel
studentsagainsttyrannyofficial,Channel
blognot,Channel
ResistingThyLies,Channel
australiaforfreedom,Channel
patriotforceca,Channel
thevoiduk,Channel
MurderTheMedia,Channel
leohohmann,Channel
felixrex,Channel
JasonLiosatosOutsideTheBox,Channel
COMBAT_FOOTAGE,Channel
ViroLIEgy,Channel
Airstrip1news,Channel
two_majors,Channel
WashougalMoms,Channel
levangudadzeopinion,Channel
ByobluOfficial,Channel
unshacklethemitten,Channel
turingpont,Channel
OffgridiIreland,Channel
thexyztelegram,Channel
FaireTesRecherches,Channel
TheTrumpist,Channel
stewpeters,Channel
thetruegoldenage,Channel
nixjeelvy,Channel
EnochsNewsBlast,Channel
JuicyFruitForest,Channel
threepn2,Channel
NOZTLITALIA,Channel
GeoChem,Channel
ausmed51,Channel
NSM88AusNz,Channel
intelligenceforthepeople,Channel
covidvaxinjury,Channel
AussieCossack,Channel
CyberspecNews,Channel
whatskraken21,Channel
CerFunhouse,Channel
russiawaytogo,Channel
Dayna_Teaches,Channel
Mrswilkesmythvsreality,Channel
GREATAWAKENED,Channel
linuxgram,Channel
ConservativeDaily,Channel
ilfrittomisto,Channel
sadefenza,Channel
WorldWarNowTele,Channel
morrakiu,Channel
rockymountain_intel,Channel
no2vaccine,Channel
AFPP_US,Channel
randomanonch1,Channel
CheckMateNews,Channel
environmental_updates,Channel
UkPatriotsForFreedom,Channel
JustTheSauce,Channel
piratejohn1,Channel
TheAustraliaProject,Channel
stayfreeworld,Channel
trooper_channel,Channel
bubbakate,Channel
shadowman_311,Channel
prowhitefam2,Channel
quantin_vic,Channel
Pi_An0n,Channel
PIkanewchannel,Channel
sitreports,Channel
WARPIGmemes,Channel
ourwarstoday,Channel
saintharrison,Channel
anarcocapitalismoac,Channel
immigrantcast,Channel
MDeLaBrox,Channel
naomiseibt,Channel
manniefabian,Channel
BANNEDdotVIDEO,Channel
lucindaribeiro_pt,Channel
southafricanminorityunion,Channel
iGuruDevi,Channel
ntvnews,Channel
ProudlyPointless,Channel
GeneralFlynnExposed,Channel
worldwire,Channel
covid19negativereactions,Channel
unwashed2020,Channel
eckvillefacts,Channel
rtnews,Channel
TechnocraticNW,Channel
triggereveryone,Channel
NoVaccineCoercion,Channel
erinhealthnutnews,Channel
healingthebody,Channel
presstv,Channel
Chossingston,Channel
critpunk,Channel
NazBol,Channel
Johnnys_hideout,Channel
uncut_news,Channel
qresearch_at,Channel
sandmanproject,Channel
Damhistory,Channel
RA_Ludwig,Channel
ancreport,Channel
TruthExtra,Channel
KyTakes,Channel
News4AChange,Channel
JAMESGODDARDNEWS2,Channel
TwilightLastGleaming,Channel
UncleSamsNYPBs,Channel
VoterApathyParty01,Channel
EternalMuscovite,Channel
NEVoterAccuracyProject,Channel
canalartedaguerra,Channel
mattbelair,Channel
the_Right_People,Channel
zoonovosti,Channel
CrimeaVoice,Channel
pbfcks,Channel
PrivSecGoy,Channel
bleibtstark,Channel
PennsylvaniaAudit,Channel
alexmakus,Channel
PatrioticChris,Channel
AlexJonesTherapist,Channel
internationalreporters,Channel
TruckersForFreedomGlobal,Channel
brienjames,Channel
ArkansasGroyper1,Channel
LiveFreeOrDie_au_nz,Channel
TFC_8,Channel
RT_DE_oz,Channel
Demotermine,Channel
martinezpolitix,Channel
Inspectorrhynos,Channel
staatsversagen,Channel
islamophobiawatch,Channel
watch547q,Channel
coronadatencheck,Channel
ihateliberals,Channel
thewowchannel,Channel
Grumpy_Rabbit,Channel
vestnikRus,Channel
shaunattwood,Channel
Ukraine_vs_Russia_Live,Channel
joinRESISTANCEChannel,Channel
GurkenpaulesEinflugschneise,Channel
truthpills2023,Channel
pond_of_Slime,Channel
vinniesanders,Channel
happilyeverafter48,Channel
krothrock,Channel
whisperoftruth,Channel
indianhate,Channel
BasedDataWV,Channel
St_michaels_operations,Channel
kedr2earth,Channel
aerial2023,Channel
bubbakate2,Channel
TexasPB,Channel
Oriental_Review,Channel
FallawsophyJFD,Channel
everythingamerican,Channel
Axe_de_la_Resistance,Channel
russosphere,Channel
GermaniaPost,Channel
PrivSecGoys,Channel
gaychannellessgoo,Channel
TheQFile,Channel
tennesseeneighborsforliberty,Channel
eltern_stehen_auf,Channel
TexasNationalistNetwork,Channel
DownTheRabbitHoleagain,Channel
awakeningproject,Channel
posadacarriles1959,Channel
TruthExposedSA,Channel
redpillresistance,Channel
SeniorChaplain,Channel
GOrwellBeyond1984,Channel
Fx99999infox99999,Channel
VolksentscheidMF,Channel
joeldavisx,Channel
yzheleznyak,Channel
kiritoposting,Channel
MO_Can,Channel
deutschlandstehtauf,Channel
kcConvoy,Channel
DiogoCohea,Channel
ladyinfQrmd,Channel
SETexasProudBoys,Channel
EpochTimesAU,Channel
Hyer971,Channel
InfoGeoLiveNews,Channel
xdaynewsRED,Channel
Ukraine_Russland_Krieg_2022,Channel
DieWahrheitKommt,Channel
valopaljastaa,Channel
taungpawtharchannel,Channel
meskob,Channel
nationephraim,Channel
chinaposter,Channel
mehrnews,Channel
official_fireduptxlawyer,Channel
AllPatriotsNetwork,Channel
begtin,Channel
freedomgibraltar,Channel
PatAltSW,Channel
joonigger,Channel
GraceFlows17,Channel
r_antiwork,Channel
USRBO,Channel
Dugin_Aleksandr,Channel
pookzta,Channel
CheLineTv,Channel
accendiilcervello,Channel
medusanewsfeed,Channel
VictoryDrones2023,Channel
bionchannel,Channel
Absurdistan1,Channel
Trump2021news,Channel
aktuellekrise,Channel
redPillAwaken,Channel
last2004,Channel
PAWales,Channel
PowerEnergetics,Channel
beatricepiraccini1972,Channel
wolframiumZ,Channel
aqtzq17,Channel
natalibera25,Channel
BrooklynGuru393,Channel
freedomeandjustice,Channel
PATRIOTCHRISTIANNEWS,Channel
rusofobiadaily,Channel
sanbartolomeozerodosi,Channel
fljeeper71DVA,Channel
Freeyourmindkanal,Channel
investigativnyblogSK,Channel
seyedjavadmiri,Channel
wrmbr,Channel
Soldados,Channel
ApocaypticProphetsResurrected,Channel
NASBUR,Channel
Chrisyapinementpasofficiel,Channel
BoganChristainLobby,Channel
reconquistahelvetica,Channel
Divuhim0,Channel
canalexrp,Channel
Anons17,Channel
SaveKC,Channel
EgountchiBehanzinOfficiel,Channel
vxunderground,Channel
hfireland,Channel
DF_P1,Channel
BreakTheBrokenConsensus,Channel
ColumbusProudBoys,Channel
OuestFrance,Channel
katakdirebus,Channel
SAScorp,Channel
tagesschau,Channel
FreyjasBulletinInternational,Channel
Tinktweets45,Channel
Laut_er_staerke,Channel
AmericaFirstAudits,Channel
My_Name_Is_MarQ_1111,Channel
InfoWelle,Channel
GaniAbadan,Channel
galaxyverge,Channel
cttevent,Channel
AuditTheVoteKansas,Channel
